model,pi,ppv,npv,fa_per_1000
RF,0.44,0.6596048299955946,0.671780684642256,114.81975967957278
RF,0.1,0.21508724842613375,0.935372958665114,184.53175662788482
RF,0.01,0.024306040120180117,0.9937580906673275,202.9849322906733
GB,0.44,0.6739581347599718,0.6721284646399327,105.63417890520698
GB,0.1,0.2261953718566061,0.9354682671379964,169.76921609765407
GB,0.01,0.025886263882260736,0.9937678695803621,186.74613770741945
RF+GB,0.44,0.6737698199214179,0.6714411315632419,105.31375166889188
RF+GB,0.1,0.22604542869249558,0.9352798282717005,169.25424375357622
RF+GB,0.01,0.025864665751941077,0.9937485334920179,186.17966812893386
LR,0.44,0.5346673988894286,0.6168141426427445,174.52603471295058
LR,0.1,0.13977378844436142,0.9192433172246055,280.48827007438484
LR,0.01,0.014556339616882295,0.9920768003664429,308.53709708182333
MLP,0.44,0.6006131760684917,0.6348822201715235,126.9959946595461
MLP,0.1,0.17536926468834657,0.9247899688608033,204.10070570284194
MLP,0.01,0.018966410913134647,0.9926609321495601,224.5107762731261
Clock,0.44,0.6081919863018231,0.6653762294271762,150.92122830440587
Clock,0.1,0.18000053269941793,0.9336035524602843,242.5519740606523
Clock,0.01,0.019565286622128895,0.993576217169371,266.80717146671753
