model,target,alarm,ep_recall,random_mean,random_lo,random_hi,p_above
RF,,0.3378061767838126,0.6129032258064516,0.5835483870967741,0.49919354838709684,0.6774193548387096,0.376
GB,,0.3244941427050053,0.5483870967741935,0.5111612903225806,0.45161290322580644,0.5806451612903226,0.3
RF+GB,,0.3233226837060703,0.5483870967741935,0.5101290322580645,0.45161290322580644,0.5806451612903226,0.266
LR,,0.3752928647497338,0.6774193548387096,0.6696129032258065,0.5806451612903226,0.7419354838709677,0.56
MLP,,0.3183173588924388,0.7741935483870968,0.6761935483870968,0.5806451612903226,0.7741935483870968,0.04
Clock,,0.3856230031948882,0.7741935483870968,0.7320645161290322,0.6451612903225806,0.8387096774193549,0.31
RF,0.44,0.4400425985090522,0.7419354838709677,0.687483870967742,0.6129032258064516,0.7741935483870968,0.21
GB,0.44,0.4400425985090522,0.5806451612903226,0.5878064516129032,0.5161290322580645,0.6774193548387096,0.72
RF+GB,0.44,0.4400425985090522,0.6774193548387096,0.6446451612903227,0.5483870967741935,0.7096774193548387,0.358
LR,0.44,0.4400425985090522,0.7419354838709677,0.7395483870967743,0.6451612903225806,0.8064516129032258,0.636
MLP,0.44,0.4400425985090522,0.8064516129032258,0.7485161290322581,0.6451612903225806,0.8387096774193549,0.186
Clock,0.44,0.4400425985090522,0.7741935483870968,0.7661290322580645,0.6774193548387096,0.8709677419354839,0.548
