model,pi,thr_median,thr_min,thr_max,post_min,post_max,share_at_max,alarm,rec,spec,folds_no_alarm
RF,0.44,0.5065567952318314,0.17333333333333337,0.7448973143759874,0.0,1.0,0.17454739084132057,0.33003194888178916,0.4789004099348927,0.787716955941255,7
RF,0.1,0.8789246350471946,0.597215777262181,0.953807426054122,0.0,1.0,0.17454739084132057,0.17582534611288606,0.2440318302387268,0.878123211901583,12
RF,0.01,0.9876317804259169,0.9422296173044925,0.9956166019707375,0.0,1.0,0.17454739084132057,0.17465388711395102,0.24162044851700024,0.8783139423993896,12
GB,0.44,0.5065567952318314,0.17333333333333337,0.7448973143759874,0.0,1.0,0.16474973375931842,0.2975505857294995,0.3805160356884495,0.7680717146671753,8
GB,0.1,0.8789246350471946,0.597215777262181,0.953807426054122,0.0,1.0,0.16474973375931842,0.17380191693290734,0.21605980226669882,0.8596223536143429,12
GB,0.01,0.9876317804259169,0.9422296173044925,0.9956166019707375,0.0,1.0,0.16474973375931842,0.16474973375931842,0.21581866409452616,0.8756437154300972,12
RF+GB,0.44,0.5065567952318314,0.17333333333333337,0.7448973143759874,0.0,1.0,0.1764643237486688,0.35101171458998937,0.47914154810706533,0.7503337783711616,6
RF+GB,0.1,0.8789246350471946,0.597215777262181,0.953807426054122,0.0,1.0,0.1764643237486688,0.18285410010649628,0.2331806124909573,0.8569521266450505,11
RF+GB,0.01,0.9876317804259169,0.9422296173044925,0.9956166019707375,0.0,1.0,0.1764643237486688,0.17667731629392971,0.23245719797443937,0.8674423040244135,11
LR,0.44,0.5065567952318314,0.17333333333333337,0.7448973143759874,0.0,1.0,0.10894568690095846,0.2762513312034079,0.43356643356643354,0.8481785237459469,5
LR,0.1,0.8789246350471946,0.597215777262181,0.953807426054122,0.0,1.0,0.10894568690095846,0.11373801916932907,0.15698095008439836,0.9204653824146481,14
LR,0.01,0.9876317804259169,0.9422296173044925,0.9956166019707375,0.0,1.0,0.10894568690095846,0.10894568690095846,0.15336387750180855,0.9261872973488461,14
MLP,0.44,0.5065567952318314,0.17333333333333337,0.7448973143759874,0.0,1.0,0.1440894568690096,0.3425985090521832,0.4169278996865204,0.7161930192637803,6
MLP,0.1,0.8789246350471946,0.597215777262181,0.953807426054122,0.0,1.0,0.1440894568690096,0.14419595314164005,0.19966240655895828,0.8996757581537288,14
MLP,0.01,0.9876317804259169,0.9422296173044925,0.9956166019707375,0.0,1.0,0.1440894568690096,0.1440894568690096,0.19942126838678562,0.8996757581537288,14
Clock,0.44,0.5065567952318314,0.17333333333333337,0.7448973143759874,0.0,1.0,0.05559105431309904,0.4861554845580405,0.6182782734506872,0.6183482738889948,4
Clock,0.1,0.8789246350471946,0.597215777262181,0.953807426054122,0.0,1.0,0.05559105431309904,0.05559105431309904,0.05522064142753798,0.9441159641426664,14
Clock,0.01,0.9876317804259169,0.9422296173044925,0.9956166019707375,0.0,1.0,0.05559105431309904,0.05559105431309904,0.05522064142753798,0.9441159641426664,14
