folder,game,start
DATA_EXPORT_Race_2019_10_28_11_6_8,Race,2019-10-28 11:06:08
DATA_EXPORT_Race_2019_10_28_11_17_8,Race,2019-10-28 11:17:08
DATA_EXPORT_Race_2019_10_28_11_24_38,Race,2019-10-28 11:24:38
DATA_EXPORT_Flight_2019_10_28_11_56_26,Flight,2019-10-28 11:56:26
DATA_EXPORT_Race_2019_10_28_12_5_12,Race,2019-10-28 12:05:12
DATA_EXPORT_Flight_2019_10_28_12_15_24,Flight,2019-10-28 12:15:24
DATA_EXPORT_Flight_2019_10_28_12_46_42,Flight,2019-10-28 12:46:42
DATA_EXPORT_Race_2019_10_28_13_39_27,Race,2019-10-28 13:39:27
DATA_EXPORT_Flight_2019_10_28_13_44_49,Flight,2019-10-28 13:44:49
DATA_EXPORT_Flight_2019_10_28_13_52_51,Flight,2019-10-28 13:52:51
DATA_EXPORT_Flight_2019_10_28_13_56_48,Flight,2019-10-28 13:56:48
DATA_EXPORT_Race_2019_10_28_13_59_9,Race,2019-10-28 13:59:09
DATA_EXPORT_Flight_2019_10_28_14_7_54,Flight,2019-10-28 14:07:54
DATA_EXPORT_Flight_2019_10_28_14_17_6,Flight,2019-10-28 14:17:06
DATA_EXPORT_Flight_2019_10_28_14_26_0,Flight,2019-10-28 14:26:00
DATA_EXPORT_Flight_2019_10_28_14_34_14,Flight,2019-10-28 14:34:14
DATA_EXPORT_Race_2019_10_28_14_42_20,Race,2019-10-28 14:42:20
DATA_EXPORT_Flight_2019_10_28_14_46_57,Flight,2019-10-28 14:46:57
DATA_EXPORT_Flight_2019_10_28_14_55_44,Flight,2019-10-28 14:55:44
DATA_EXPORT_Flight_2019_10_28_15_33_46,Flight,2019-10-28 15:33:46
DATA_EXPORT_Flight_2019_10_28_15_42_21,Flight,2019-10-28 15:42:21
DATA_EXPORT_Flight_2019_10_28_15_51_36,Flight,2019-10-28 15:51:36
DATA_EXPORT_Race_2019_10_28_16_1_59,Race,2019-10-28 16:01:59
DATA_EXPORT_Flight_2019_10_28_16_12_59,Flight,2019-10-28 16:12:59
DATA_EXPORT_Flight_2019_10_29_14_12_35,Flight,2019-10-29 14:12:35
DATA_EXPORT_Race_2019_10_29_14_23_50,Race,2019-10-29 14:23:50
DATA_EXPORT_Race_2019_10_29_14_34_17,Race,2019-10-29 14:34:17
DATA_EXPORT_Flight_2019_10_29_14_53_25,Flight,2019-10-29 14:53:25
DATA_EXPORT_Race_2019_10_29_15_0_1,Race,2019-10-29 15:00:01
DATA_EXPORT_Flight_2019_10_29_15_9_5,Flight,2019-10-29 15:09:05
DATA_EXPORT_Flight_2019_10_29_15_19_28,Flight,2019-10-29 15:19:28
DATA_EXPORT_Flight_2019_10_29_15_33_33,Flight,2019-10-29 15:33:33
DATA_EXPORT_Flight_2019_10_29_15_41_32,Flight,2019-10-29 15:41:32
DATA_EXPORT_Race_2019_10_29_15_44_18,Race,2019-10-29 15:44:18
DATA_EXPORT_Flight_2019_10_30_9_12_57,Flight,2019-10-30 09:12:57
DATA_EXPORT_Flight_2019_10_30_16_0_23,Flight,2019-10-30 16:00:23
DATA_EXPORT_Flight_2019_10_30_16_36_15,Flight,2019-10-30 16:36:15
DATA_EXPORT_Race_2019_12_6_16_27_18,Race,2019-12-06 16:27:18
DATA_EXPORT_Race_2019_12_6_16_36_23,Race,2019-12-06 16:36:23
DATA_EXPORT_Race_2019_12_6_16_39_4,Race,2019-12-06 16:39:04
DATA_EXPORT_Race_2019_12_6_16_46_41,Race,2019-12-06 16:46:41
DATA_EXPORT_Race_2019_12_6_16_54_46,Race,2019-12-06 16:54:46
DATA_EXPORT_Race_2019_12_6_17_2_16,Race,2019-12-06 17:02:16
DATA_EXPORT_Race_2019_12_6_17_9_18,Race,2019-12-06 17:09:18
DATA_EXPORT_Race_2019_12_6_17_16_33,Race,2019-12-06 17:16:33
DATA_EXPORT_Race_2019_12_6_17_18_3,Race,2019-12-06 17:18:03
DATA_EXPORT_Race_2019_12_6_17_26_16,Race,2019-12-06 17:26:16
DATA_EXPORT_Race_2019_12_6_17_34_3,Race,2019-12-06 17:34:03
DATA_EXPORT_Race_2019_12_6_17_41_6,Race,2019-12-06 17:41:06
DATA_EXPORT_Race_2019_12_6_17_50_7,Race,2019-12-06 17:50:07
DATA_EXPORT_Race_2019_12_6_17_56_36,Race,2019-12-06 17:56:36
DATA_EXPORT_Race_2019_12_6_18_3_49,Race,2019-12-06 18:03:49
DATA_EXPORT_Flight_2019_12_9_20_41_54,Flight,2019-12-09 20:41:54
DATA_EXPORT_Flight_2019_12_9_20_49_40,Flight,2019-12-09 20:49:40
DATA_EXPORT_Flight_2019_12_9_20_58_55,Flight,2019-12-09 20:58:55
DATA_EXPORT_Flight_2019_12_9_21_2_27,Flight,2019-12-09 21:02:27
DATA_EXPORT_Flight_2019_12_9_21_15_13,Flight,2019-12-09 21:15:13
DATA_EXPORT_Flight_2019_12_9_21_23_15,Flight,2019-12-09 21:23:15
DATA_EXPORT_Flight_2019_12_10_19_29_29,Flight,2019-12-10 19:29:29
DATA_EXPORT_Flight_2019_12_10_19_33_16,Flight,2019-12-10 19:33:16
DATA_EXPORT_Flight_2019_12_10_19_40_59,Flight,2019-12-10 19:40:59
DATA_EXPORT_Flight_2019_12_10_19_49_49,Flight,2019-12-10 19:49:49
DATA_EXPORT_Flight_2019_12_10_19_57_40,Flight,2019-12-10 19:57:40
DATA_EXPORT_Flight_2019_12_10_20_5_3,Flight,2019-12-10 20:05:03
DATA_EXPORT_Flight_2019_12_10_20_11_27,Flight,2019-12-10 20:11:27
DATA_EXPORT_Flight_2019_12_10_20_17_57,Flight,2019-12-10 20:17:57
DATA_EXPORT_Flight_2019_12_10_20_26_7,Flight,2019-12-10 20:26:07
DATA_EXPORT_Flight_2019_12_10_20_28_12,Flight,2019-12-10 20:28:12
DATA_EXPORT_Flight_2019_12_10_20_34_59,Flight,2019-12-10 20:34:59
DATA_EXPORT_Flight_2019_12_10_20_41_47,Flight,2019-12-10 20:41:47
DATA_EXPORT_Flight_2019_12_10_20_49_2,Flight,2019-12-10 20:49:02
DATA_EXPORT_Flight_2019_12_10_21_1_27,Flight,2019-12-10 21:01:27
DATA_EXPORT_Flight_2019_12_10_21_7_47,Flight,2019-12-10 21:07:47
DATA_EXPORT_Flight_2019_12_10_21_15_1,Flight,2019-12-10 21:15:01
