recording,group,merged_group,first_row,last_row,windows,max_severity,positive_windows
0,0,0,0,103,104,0,0
1,1,1,104,405,302,1,143
2,2,2,406,707,302,1,11
3,2,2,708,1009,302,0,0
4,3,4,1010,1062,53,0,0
5,4,4,1063,1364,302,1,206
6,4,4,1365,1666,302,1,223
7,5,5,1667,1969,303,1,84
8,6,6,1970,2271,302,1,290
9,7,7,2272,2573,302,0,0
10,2,2,2574,2875,302,1,243
11,0,0,2876,3177,302,0,0
12,8,8,3178,3479,302,1,298
13,9,9,3480,3781,302,3,24
14,10,10,3782,3887,106,1,22
15,10,10,3888,4189,302,3,270
16,11,11,4190,4491,302,2,144
17,11,11,4492,4793,302,3,154
18,12,12,4794,5096,303,3,250
19,13,13,5097,5398,302,2,294
20,14,14,5399,5423,25,3,5
21,14,14,5424,5725,302,3,8
22,15,15,5726,6028,303,1,277
23,14,14,6029,6316,288,3,242
24,14,14,6317,6567,251,3,144
25,16,16,6568,6869,302,0,0
26,17,17,6870,7171,302,3,204
27,14,14,7172,7473,302,3,112
28,14,14,7474,7775,302,3,49
29,6,6,7776,8077,302,0,0
30,18,19,8078,8180,103,0,0
31,19,19,8181,8482,302,3,111
32,20,20,8483,8784,302,2,230
33,10,10,8785,9086,302,1,109
34,21,21,9087,9389,303,0,0
