model,rule,group,n_s3,missed_s3,recordings
RF,primary,9,24,4,1
RF,primary,10,196,81,3
RF,primary,11,132,31,2
RF,primary,12,61,13,1
RF,primary,14,290,266,6
RF,primary,17,117,18,1
RF,primary,19,1,0,1
RF,m44,9,24,0,1
RF,m44,10,196,73,3
RF,m44,11,132,0,2
RF,m44,12,61,0,1
RF,m44,14,290,194,6
RF,m44,17,117,12,1
RF,m44,19,1,0,1
GB,primary,9,24,0,1
GB,primary,10,196,71,3
GB,primary,11,132,42,2
GB,primary,12,61,13,1
GB,primary,14,290,282,6
GB,primary,17,117,12,1
GB,primary,19,1,0,1
GB,m44,9,24,0,1
GB,m44,10,196,48,3
GB,m44,11,132,0,2
GB,m44,12,61,0,1
GB,m44,14,290,282,6
GB,m44,17,117,0,1
GB,m44,19,1,0,1
RF+GB,primary,9,24,0,1
RF+GB,primary,10,196,73,3
RF+GB,primary,11,132,39,2
RF+GB,primary,12,61,13,1
RF+GB,primary,14,290,282,6
RF+GB,primary,17,117,14,1
RF+GB,primary,19,1,0,1
RF+GB,m44,9,24,0,1
RF+GB,m44,10,196,55,3
RF+GB,m44,11,132,0,2
RF+GB,m44,12,61,0,1
RF+GB,m44,14,290,247,6
RF+GB,m44,17,117,3,1
RF+GB,m44,19,1,0,1
LR,primary,9,24,24,1
LR,primary,10,196,10,3
LR,primary,11,132,32,2
LR,primary,12,61,38,1
LR,primary,14,290,117,6
LR,primary,17,117,31,1
LR,primary,19,1,1,1
LR,m44,9,24,24,1
LR,m44,10,196,0,3
LR,m44,11,132,20,2
LR,m44,12,61,25,1
LR,m44,14,290,31,6
LR,m44,17,117,24,1
LR,m44,19,1,0,1
MLP,primary,9,24,21,1
MLP,primary,10,196,165,3
MLP,primary,11,132,88,2
MLP,primary,12,61,13,1
MLP,primary,14,290,143,6
MLP,primary,17,117,20,1
MLP,primary,19,1,0,1
MLP,m44,9,24,0,1
MLP,m44,10,196,61,3
MLP,m44,11,132,67,2
MLP,m44,12,61,0,1
MLP,m44,14,290,125,6
MLP,m44,17,117,12,1
MLP,m44,19,1,0,1
Clock,primary,9,24,24,1
Clock,primary,10,196,83,3
Clock,primary,11,132,108,2
Clock,primary,12,61,0,1
Clock,primary,14,290,60,6
Clock,primary,17,117,53,1
Clock,primary,19,1,0,1
Clock,m44,9,24,24,1
Clock,m44,10,196,73,3
Clock,m44,11,132,91,2
Clock,m44,12,61,0,1
Clock,m44,14,290,44,6
Clock,m44,17,117,35,1
Clock,m44,19,1,0,1
