Signal,δ,Replicates,"Detected, MCC Wilcoxon","Detected, MCC t test",Mean Δ fold AUC,Mean Atime pooled,Mean Atime LPGO,"Below reference, pooled","Below reference, LPGO"
state,0,200,1.0%,0.5%,−0.000,0.444,0.528,100%,5.0%
state,0.05,200,3.0%,3.5%,−0.000,0.451,0.535,100%,0%
state,0.1,200,18%,16%,−0.001,0.470,0.554,95%,0%
state,0.15,200,39%,36%,−0.000,0.502,0.584,32%,0%
state,0.2,200,61%,57%,−0.000,0.543,0.622,1.0%,0%
state,0.3,200,90%,89%,+0.003,0.651,0.718,0%,0%
trait,0,200,0%,0%,−0.005,0.452,0.511,36%,30%
trait,0.5,200,0%,0%,−0.003,0.481,0.537,28%,26%
trait,1,200,1.5%,0.5%,−0.001,0.543,0.591,15%,13%
trait,1.5,200,1.0%,1.0%,+0.007,0.620,0.658,3.0%,2.5%
trait,2,200,0.5%,0.5%,+0.010,0.661,0.692,0.5%,0.5%
trait,3,200,0%,0%,+0.018,0.683,0.708,0%,0%
