model,alarm,missed_s3,rec
RF,0.05005324813631523,821,0.09910778876296118
RF,0.060063897763578275,821,0.1171931516759103
RF,0.07007454739084132,821,0.13768989631058595
RF,0.08008519701810436,820,0.1540872920183265
RF,0.0900958466453674,820,0.16542078611044128
RF,0.1,820,0.18133590547383652
RF,0.11001064962726305,820,0.19918013021461298
RF,0.12002129925452609,810,0.21678321678321677
RF,0.13003194888178915,785,0.23462744152399326
RF,0.14004259850905218,769,0.24981914637087052
RF,0.15005324813631524,765,0.2556064625030142
RF,0.16006389776357827,746,0.2691102001446829
RF,0.17007454739084132,715,0.28816011574632266
RF,0.18008519701810435,694,0.3045575114540632
RF,0.18998935037273695,682,0.3173378345792139
RF,0.2,670,0.32891246684350134
RF,0.21001064962726304,665,0.3395225464190981
RF,0.2200212992545261,642,0.3513383168555582
RF,0.23003194888178913,618,0.363395225464191
RF,0.24004259850905219,598,0.3783457921388956
RF,0.25005324813631524,577,0.39474318784663615
RF,0.2600638977635783,561,0.40800578731613213
RF,0.2700745473908413,546,0.4224740776464914
RF,0.27997870074547393,534,0.4350132625994695
RF,0.28998935037273693,514,0.4487581384133108
RF,0.3,491,0.4634675669158428
RF,0.31001064962726305,473,0.4750421991801302
RF,0.3200212992545261,452,0.4868579696165903
RF,0.33003194888178916,432,0.4965034965034965
RF,0.34004259850905216,409,0.5078369905956113
RF,0.3500532481363152,397,0.5191704846877261
RF,0.3600638977635783,390,0.5283337352302869
RF,0.36996805111821085,377,0.5365324330841572
RF,0.3799787007454739,360,0.5464190981432361
RF,0.38998935037273696,347,0.5570291777188329
RF,0.4,333,0.5669158427779117
RF,0.410010649627263,323,0.574391126115264
RF,0.4200212992545261,307,0.583554376657825
RF,0.43003194888178914,290,0.5948878707499398
RF,0.4400425985090522,279,0.6042922594646732
RF,0.45005324813631525,272,0.6139377863515795
RF,0.4599574014909478,252,0.6269592476489029
RF,0.4699680511182109,250,0.637328189052327
RF,0.4799787007454739,235,0.6467325777670605
RF,0.48998935037273694,214,0.6590306245478659
RF,0.5,203,0.6713286713286714
RF,0.5100106496272631,193,0.684108994453822
RF,0.5200212992545261,185,0.6985772847841814
RF,0.5300319488817892,178,0.7149746804919219
RF,0.5400425985090522,144,0.7325777670605257
RF,0.5499467518636848,119,0.7492163009404389
RF,0.5599574014909479,97,0.76657824933687
RF,0.5699680511182109,81,0.7798408488063661
RF,0.5799787007454739,70,0.7928623101036895
RF,0.5899893503727369,61,0.8061249095731854
RF,0.6,56,0.8150470219435737
RF,0.610010649627263,54,0.822522305280926
RF,0.6200212992545261,51,0.828068483240897
RF,0.6300319488817892,48,0.8333735230286955
RF,0.6399361022364217,47,0.843501326259947
RF,0.6499467518636848,47,0.8514588859416445
RF,0.6599574014909478,47,0.8570050639016156
RF,0.6699680511182109,47,0.863033518205932
RF,0.679978700745474,47,0.8712322160598023
RF,0.689989350372737,47,0.87557270315891
RF,0.7,43,0.8813600192910538
RF,0.710010649627263,34,0.888835302628406
RF,0.7200212992545261,22,0.8999276585483482
RF,0.7299254526091586,17,0.9107788762961176
RF,0.7399361022364217,5,0.91825415963347
RF,0.7499467518636848,5,0.9228357849047504
RF,0.7599574014909478,5,0.9281408246925489
RF,0.7699680511182109,5,0.9363395225464191
RF,0.7799787007454739,5,0.9445382204002893
RF,0.789989350372737,5,0.9479141548107065
RF,0.8,5,0.9529780564263323
RF,0.810010649627263,5,0.9597299252471666
RF,0.8199148029818957,5,0.9640704123462744
RF,0.8299254526091587,5,0.9669640704123462
RF,0.8399361022364217,5,0.9710634193392814
RF,0.8499467518636847,5,0.9770918736435977
RF,0.8599574014909478,5,0.9799855317096696
RF,0.8699680511182108,5,0.9826380516035689
RF,0.8799787007454739,5,0.985290571497468
RF,0.889989350372737,5,0.986737400530504
RF,0.9,0,0.9886665059078852
RF,0.9099041533546326,0,0.9910778876296118
RF,0.9199148029818957,0,0.9927658548348204
RF,0.9299254526091587,0,0.9934892693513383
RF,0.9399361022364218,0,0.9937304075235109
RF,0.9499467518636848,0,0.9946949602122016
GB,0.05005324813631523,817,0.09332047263081746
GB,0.060063897763578275,812,0.10995900651073065
GB,0.07007454739084132,808,0.12563298770195322
GB,0.08008519701810436,801,0.13817217265493129
GB,0.0900958466453674,798,0.1466120086809742
GB,0.1,793,0.15963346997829755
GB,0.11001064962726305,788,0.17578972751386546
GB,0.12002129925452609,783,0.19025801784422475
GB,0.13003194888178915,768,0.20906679527369182
GB,0.14004259850905218,754,0.2290812635640222
GB,0.15005324813631524,739,0.24427296841089943
GB,0.16006389776357827,732,0.25753556788039544
GB,0.17007454739084132,721,0.26983361466120087
GB,0.18008519701810435,711,0.28430190499156016
GB,0.18998935037273695,702,0.30166385338799134
GB,0.2,658,0.3183023872679045
GB,0.21001064962726304,632,0.3322884012539185
GB,0.2200212992545261,602,0.3460332770677598
GB,0.23003194888178913,591,0.3643597781528816
GB,0.24004259850905219,558,0.3814805883771401
GB,0.25005324813631524,539,0.40004822763443454
GB,0.2600638977635783,516,0.4188570050639016
GB,0.2700745473908413,487,0.43380757173860623
GB,0.27997870074547393,458,0.44972269110200147
GB,0.28998935037273693,451,0.46129732336628887
GB,0.3,445,0.47118398842536774
GB,0.31001064962726305,434,0.48324089703400047
GB,0.3200212992545261,421,0.492645285748734
GB,0.33003194888178916,417,0.5013262599469496
GB,0.34004259850905216,413,0.5150711357607909
GB,0.3500532481363152,409,0.5271280443694237
GB,0.3600638977635783,403,0.5403906438389197
GB,0.36996805111821085,394,0.5483482035206173
GB,0.3799787007454739,380,0.5587171449240415
GB,0.38998935037273696,371,0.574391126115264
GB,0.4,355,0.5840366530021702
GB,0.410010649627263,336,0.5919942126838679
GB,0.4200212992545261,332,0.6011574632264287
GB,0.43003194888178914,331,0.6047745358090185
GB,0.4400425985090522,330,0.609356161080299
GB,0.45005324813631525,327,0.6156257535567881
GB,0.4599574014909478,323,0.6214130696889317
GB,0.4699680511182109,305,0.6293706293706294
GB,0.4799787007454739,289,0.6416686761514347
GB,0.48998935037273694,287,0.6539667229322401
GB,0.5,254,0.664576802507837
GB,0.5100106496272631,237,0.6739811912225705
GB,0.5200212992545261,218,0.6850735471425127
GB,0.5300319488817892,207,0.6935133831685556
GB,0.5400425985090522,185,0.704364600916325
GB,0.5499467518636848,176,0.7115987460815048
GB,0.5599574014909479,171,0.7171449240414758
GB,0.5699680511182109,169,0.7222088256571015
GB,0.5799787007454739,153,0.7340245960935616
GB,0.5899893503727369,136,0.747769471907403
GB,0.6,132,0.7569327224499638
GB,0.610010649627263,129,0.7619966240655895
GB,0.6200212992545261,123,0.7752592235350856
GB,0.6300319488817892,115,0.7834579213889559
GB,0.6399361022364217,109,0.7906920665541355
GB,0.6499467518636848,103,0.8013021461297324
GB,0.6599574014909478,100,0.8114299493609839
GB,0.6699680511182109,96,0.8251748251748252
GB,0.679978700745474,87,0.8367494574391127
GB,0.689989350372737,75,0.8473595370147095
GB,0.7,69,0.8589341692789969
GB,0.710010649627263,56,0.8690619725102484
GB,0.7200212992545261,54,0.8741258741258742
GB,0.7299254526091586,49,0.8796720520858452
GB,0.7399361022364217,43,0.888835302628406
GB,0.7499467518636848,38,0.8938992042440318
GB,0.7599574014909478,32,0.8996865203761756
GB,0.7699680511182109,25,0.904268145647456
GB,0.7799787007454739,21,0.9078852182300459
GB,0.789989350372737,16,0.911984567156981
GB,0.8,14,0.9225946467325777
GB,0.810010649627263,5,0.9283819628647215
GB,0.8199148029818957,5,0.931516759102966
GB,0.8299254526091587,5,0.9428502531950808
GB,0.8399361022364217,5,0.9570774053532675
GB,0.8499467518636847,5,0.9664817940680009
GB,0.8599574014909478,5,0.9705811429949361
GB,0.8699680511182108,5,0.9770918736435977
GB,0.8799787007454739,5,0.9819146370870508
GB,0.889989350372737,0,0.985290571497468
GB,0.9,0,0.987460815047022
GB,0.9099041533546326,0,0.9893899204244032
GB,0.9199148029818957,0,0.9937304075235109
GB,0.9299254526091587,0,0.9966240655895828
GB,0.9399361022364218,0,0.9983120327947914
GB,0.9499467518636848,0,0.9990354473113093
RF+GB,0.05005324813631523,821,0.09717868338557993
RF+GB,0.060063897763578275,821,0.11695201350373764
RF+GB,0.07007454739084132,820,0.1386544489992766
RF+GB,0.08008519701810436,820,0.1536050156739812
RF+GB,0.0900958466453674,820,0.1659030624547866
RF+GB,0.1,820,0.18181818181818182
RF+GB,0.11001064962726305,820,0.1979744393537497
RF+GB,0.12002129925452609,794,0.21461297323366288
RF+GB,0.13003194888178915,784,0.22763443453098625
RF+GB,0.14004259850905218,777,0.2471666264769713
RF+GB,0.15005324813631524,765,0.259946949602122
RF+GB,0.16006389776357827,746,0.27248613455510007
RF+GB,0.17007454739084132,734,0.2840607668193875
RF+GB,0.18008519701810435,706,0.2973233662888835
RF+GB,0.18998935037273695,674,0.31323848565227874
RF+GB,0.2,655,0.3274656378104654
RF+GB,0.21001064962726304,619,0.34169278996865204
RF+GB,0.2200212992545261,604,0.3530262840607668
RF+GB,0.23003194888178913,590,0.3648420544972269
RF+GB,0.24004259850905219,574,0.3776223776223776
RF+GB,0.25005324813631524,555,0.3932963588136002
RF+GB,0.2600638977635783,536,0.4106583072100313
RF+GB,0.2700745473908413,509,0.4275379792621172
RF+GB,0.27997870074547393,473,0.4434530986255124
RF+GB,0.28998935037273693,451,0.45840366530021703
RF+GB,0.3,443,0.4697371593923318
RF+GB,0.31001064962726305,437,0.47914154810706533
RF+GB,0.3200212992545261,426,0.4909573185435254
RF+GB,0.33003194888178916,417,0.49963829274174104
RF+GB,0.34004259850905216,413,0.507354714251266
RF+GB,0.3500532481363152,409,0.5148299975886182
RF+GB,0.3600638977635783,401,0.5297805642633229
RF+GB,0.36996805111821085,396,0.5442488545936822
RF+GB,0.3799787007454739,391,0.554135519652761
RF+GB,0.38998935037273696,376,0.5666747046057391
RF+GB,0.4,360,0.5823486857969616
RF+GB,0.410010649627263,349,0.5912707981673498
RF+GB,0.4200212992545261,346,0.5972992524716663
RF+GB,0.43003194888178914,338,0.6050156739811913
RF+GB,0.4400425985090522,305,0.6192428261393779
RF+GB,0.45005324813631525,281,0.6315408729201832
RF+GB,0.4599574014909478,260,0.644321196045334
RF+GB,0.4699680511182109,235,0.65758379551483
RF+GB,0.4799787007454739,210,0.6698818422956354
RF+GB,0.48998935037273694,202,0.6775982638051603
RF+GB,0.5,196,0.6843501326259946
RF+GB,0.5100106496272631,192,0.6891728960694478
RF+GB,0.5200212992545261,189,0.6952013503737642
RF+GB,0.5300319488817892,184,0.7031589100554618
RF+GB,0.5400425985090522,178,0.7123221605980227
RF+GB,0.5499467518636848,171,0.7226911020014468
RF+GB,0.5599574014909479,165,0.7333011815770436
RF+GB,0.5699680511182109,159,0.7468049192187123
RF+GB,0.5799787007454739,154,0.7600675186882083
RF+GB,0.5899893503727369,136,0.7738123945020496
RF+GB,0.6,112,0.7861104412828551
RF+GB,0.610010649627263,62,0.801543284301905
RF+GB,0.6200212992545261,59,0.8097419821557753
RF+GB,0.6300319488817892,55,0.8193875090426814
RF+GB,0.6399361022364217,51,0.8292741741017603
RF+GB,0.6499467518636848,49,0.8345792138895587
RF+GB,0.6599574014909478,48,0.8422956353990837
RF+GB,0.6699680511182109,47,0.8492886423920907
RF+GB,0.679978700745474,47,0.8582107547624789
RF+GB,0.689989350372737,45,0.8673740053050398
RF+GB,0.7,38,0.8794309139136726
RF+GB,0.710010649627263,27,0.888835302628406
RF+GB,0.7200212992545261,23,0.8948637569327225
RF+GB,0.7299254526091586,20,0.9018567639257294
RF+GB,0.7399361022364217,5,0.9143959488787075
RF+GB,0.7499467518636848,5,0.9211478176995418
RF+GB,0.7599574014909478,5,0.9264528574873403
RF+GB,0.7699680511182109,5,0.931516759102966
RF+GB,0.7799787007454739,5,0.9418857005063902
RF+GB,0.789989350372737,5,0.9479141548107065
RF+GB,0.8,5,0.9522546419098143
RF+GB,0.810010649627263,5,0.9597299252471666
RF+GB,0.8199148029818957,5,0.9645526886906197
RF+GB,0.8299254526091587,5,0.9674463467566916
RF+GB,0.8399361022364217,5,0.9708222811671088
RF+GB,0.8499467518636847,5,0.9761273209549072
RF+GB,0.8599574014909478,5,0.9795032553653243
RF+GB,0.8699680511182108,5,0.9819146370870508
RF+GB,0.8799787007454739,5,0.9848082951531227
RF+GB,0.889989350372737,5,0.9864962623583313
RF+GB,0.9,0,0.9884253677357125
RF+GB,0.9099041533546326,0,0.9908367494574392
RF+GB,0.9199148029818957,0,0.992283578490475
RF+GB,0.9299254526091587,0,0.9932481311791657
RF+GB,0.9399361022364218,0,0.9937304075235109
RF+GB,0.9499467518636848,0,0.9946949602122016
LR,0.05005324813631523,821,0.06751868820834338
LR,0.060063897763578275,821,0.07933445864480347
LR,0.07007454739084132,820,0.09597299252471667
LR,0.08008519701810436,811,0.11261152640462985
LR,0.0900958466453674,802,0.1278032312515071
LR,0.1,794,0.14034241620448518
LR,0.11001064962726305,785,0.1536050156739812
LR,0.12002129925452609,751,0.16903785869303112
LR,0.13003194888178915,723,0.18712322160598022
LR,0.14004259850905218,699,0.20400289365806606
LR,0.15005324813631524,681,0.22160598022666989
LR,0.16006389776357827,672,0.23631540872920184
LR,0.17007454739084132,660,0.2503014227152158
LR,0.18008519701810435,639,0.26404629852905714
LR,0.18998935037273695,605,0.27779117434289846
LR,0.2,572,0.29129491198456714
LR,0.21001064962726304,537,0.30528092597058115
LR,0.2200212992545261,506,0.3202314926452858
LR,0.23003194888178913,482,0.33252953942609115
LR,0.24004259850905219,465,0.34241620448517
LR,0.25005324813631524,453,0.3510971786833856
LR,0.2600638977635783,440,0.3578490475042199
LR,0.2700745473908413,425,0.3648420544972269
LR,0.27997870074547393,404,0.37376416686761516
LR,0.28998935037273693,376,0.3848565227875573
LR,0.3,360,0.3925729442970822
LR,0.31001064962726305,345,0.3990836749457439
LR,0.3200212992545261,334,0.403906438389197
LR,0.33003194888178916,319,0.4094526163491681
LR,0.34004259850905216,305,0.4162044851700024
LR,0.3500532481363152,289,0.4260911502290813
LR,0.3600638977635783,274,0.4369423679768507
LR,0.36996805111821085,261,0.44972269110200147
LR,0.3799787007454739,244,0.46129732336628887
LR,0.38998935037273696,217,0.4752833373523029
LR,0.4,198,0.4890282131661442
LR,0.410010649627263,173,0.5030142271521582
LR,0.4200212992545261,150,0.5150711357607909
LR,0.43003194888178914,137,0.5297805642633229
LR,0.4400425985090522,124,0.5440077164215096
LR,0.45005324813631525,117,0.5567880395466602
LR,0.4599574014909478,111,0.5714974680491922
LR,0.4699680511182109,96,0.583554376657825
LR,0.4799787007454739,82,0.5963346997829756
LR,0.48998935037273694,68,0.6095972992524716
LR,0.5,61,0.6223776223776224
LR,0.5100106496272631,52,0.6322642874367013
LR,0.5200212992545261,43,0.6433566433566433
LR,0.5300319488817892,37,0.6520376175548589
LR,0.5400425985090522,33,0.6626476971304558
LR,0.5499467518636848,28,0.6730166385338799
LR,0.5599574014909479,24,0.6860380998312032
LR,0.5699680511182109,21,0.7000241138172173
LR,0.5799787007454739,18,0.7130455751145406
LR,0.5899893503727369,18,0.726067036411864
LR,0.6,18,0.740776464914396
LR,0.610010649627263,18,0.7528333735230287
LR,0.6200212992545261,18,0.7656136966481794
LR,0.6300319488817892,18,0.780564263322884
LR,0.6399361022364217,18,0.7892452375210995
LR,0.6499467518636848,18,0.7957559681697612
LR,0.6599574014909478,18,0.8032312515071136
LR,0.6699680511182109,17,0.8095008439836026
LR,0.679978700745474,16,0.8148058837714011
LR,0.689989350372737,14,0.8234868579696166
LR,0.7,12,0.8307210031347962
LR,0.710010649627263,12,0.8391608391608392
LR,0.7200212992545261,11,0.8488063660477454
LR,0.7299254526091586,6,0.856040511212925
LR,0.7399361022364217,3,0.8639980708946227
LR,0.7499467518636848,0,0.8738847359537014
LR,0.7599574014909478,0,0.8818422956353991
LR,0.7699680511182109,0,0.8893175789727514
LR,0.7799787007454739,0,0.8970340004822763
LR,0.789989350372737,0,0.9037858693031107
LR,0.8,0,0.9134313961900169
LR,0.810010649627263,0,0.9194598504943332
LR,0.8199148029818957,0,0.9240414757656137
LR,0.8299254526091587,0,0.9274174101760309
LR,0.8399361022364217,0,0.9305522064142754
LR,0.8499467518636847,0,0.9329635881360019
LR,0.8599574014909478,0,0.939956595129009
LR,0.8699680511182108,0,0.9464673257776706
LR,0.8799787007454739,0,0.9529780564263323
LR,0.889989350372737,0,0.9561128526645768
LR,0.9,0,0.9626235833132385
LR,0.9099041533546326,0,0.9669640704123462
LR,0.9199148029818957,0,0.9703400048227634
LR,0.9299254526091587,0,0.9737159392331806
LR,0.9399361022364218,0,0.9785387026766337
LR,0.9499467518636848,0,0.9840848806366048
MLP,0.05005324813631523,821,0.0802990113334941
MLP,0.060063897763578275,821,0.08584518929346516
MLP,0.07007454739084132,821,0.10248372317337835
MLP,0.08008519701810436,821,0.12032794791415481
MLP,0.0900958466453674,816,0.12876778394019772
MLP,0.1,809,0.14299493609838437
MLP,0.11001064962726305,804,0.15939233180612492
MLP,0.12002129925452609,791,0.1733783457921389
MLP,0.13003194888178915,788,0.19170484687726067
MLP,0.14004259850905218,784,0.21051362430672776
MLP,0.15005324813631524,781,0.22787557270315892
MLP,0.16006389776357827,774,0.24113817217265493
MLP,0.17007454739084132,741,0.25777670605256814
MLP,0.18008519701810435,726,0.27055702917771884
MLP,0.18998935037273695,718,0.28068483240897035
MLP,0.2,679,0.2975645044610562
MLP,0.21001064962726304,637,0.31444417651314205
MLP,0.2200212992545261,607,0.3310827103930552
MLP,0.23003194888178913,583,0.34530986255124185
MLP,0.24004259850905219,571,0.35833132384856525
MLP,0.25005324813631524,552,0.36725343621895346
MLP,0.2600638977635783,532,0.376657824933687
MLP,0.2700745473908413,517,0.38702676633711114
MLP,0.27997870074547393,499,0.39546660236315406
MLP,0.28998935037273693,488,0.4029418857005064
MLP,0.3,481,0.41114058355437666
MLP,0.31001064962726305,468,0.4224740776464914
MLP,0.3200212992545261,445,0.43646009163250543
MLP,0.33003194888178916,410,0.4499638292741741
MLP,0.34004259850905216,386,0.46322642874367015
MLP,0.3500532481363152,362,0.47745358090185674
MLP,0.3600638977635783,350,0.48878707499397156
MLP,0.36996805111821085,343,0.49770918736435976
MLP,0.3799787007454739,335,0.507354714251266
MLP,0.38998935037273696,323,0.5150711357607909
MLP,0.4,311,0.5225464190981433
MLP,0.410010649627263,289,0.5324330841572221
MLP,0.4200212992545261,282,0.5387026766337111
MLP,0.43003194888178914,273,0.5456956836267182
MLP,0.4400425985090522,265,0.5534121051362431
MLP,0.45005324813631525,261,0.5582348685796962
MLP,0.4599574014909478,256,0.5632987701953219
MLP,0.4699680511182109,244,0.5714974680491922
MLP,0.4799787007454739,203,0.5866891728960695
MLP,0.48998935037273694,164,0.6026042922594647
MLP,0.5,134,0.6156257535567881
MLP,0.5100106496272631,113,0.6291294911984567
MLP,0.5200212992545261,101,0.6438389197009887
MLP,0.5300319488817892,89,0.6558958283096215
MLP,0.5400425985090522,76,0.6679527369182542
MLP,0.5499467518636848,59,0.6819387509042681
MLP,0.5599574014909479,47,0.6913431396190017
MLP,0.5699680511182109,36,0.7012298046780805
MLP,0.5799787007454739,26,0.7125632987701953
MLP,0.5899893503727369,25,0.7258258982396913
MLP,0.6,23,0.7328189052326983
MLP,0.610010649627263,21,0.7402941885700507
MLP,0.6200212992545261,20,0.7489751627682663
MLP,0.6300319488817892,19,0.7586206896551724
MLP,0.6399361022364217,17,0.7673016638533879
MLP,0.6499467518636848,15,0.7757414998794309
MLP,0.6599574014909478,14,0.7829756450446106
MLP,0.6699680511182109,12,0.7916566192428262
MLP,0.679978700745474,7,0.8013021461297324
MLP,0.689989350372737,6,0.8176995418374728
MLP,0.7,5,0.8316855558234869
MLP,0.710010649627263,5,0.8437424644321196
MLP,0.7200212992545261,5,0.8529057149746805
MLP,0.7299254526091586,5,0.8577284784181336
MLP,0.7399361022364217,5,0.8654448999276585
MLP,0.7499467518636848,5,0.8738847359537014
MLP,0.7599574014909478,5,0.8803954666023631
MLP,0.7699680511182109,5,0.8893175789727514
MLP,0.7799787007454739,5,0.8987219676874849
MLP,0.789989350372737,5,0.9086086327465638
MLP,0.8,5,0.9163250542560888
MLP,0.810010649627263,5,0.9247648902821317
MLP,0.8199148029818957,5,0.9341692789968652
MLP,0.8299254526091587,5,0.9406800096455269
MLP,0.8399361022364217,5,0.9457439112611526
MLP,0.8499467518636847,5,0.951772365565469
MLP,0.8599574014909478,5,0.9561128526645768
MLP,0.8699680511182108,5,0.9590065107306487
MLP,0.8799787007454739,5,0.9616590306245478
MLP,0.889989350372737,5,0.9659995177236557
MLP,0.9,5,0.9703400048227634
MLP,0.9099041533546326,5,0.9732336628888353
MLP,0.9199148029818957,3,0.9761273209549072
MLP,0.9299254526091587,1,0.9823969134313962
MLP,0.9399361022364218,0,0.9879430913913673
MLP,0.9499467518636848,0,0.9915601639739571
Clock,0.05005324813631523,774,0.06896551724137931
Clock,0.060063897763578275,762,0.0834338075717386
Clock,0.07007454739084132,748,0.09886665059078852
Clock,0.08008519701810436,735,0.11333494092114782
Clock,0.0900958466453674,721,0.1278032312515071
Clock,0.1,708,0.1417892452375211
Clock,0.11001064962726305,696,0.15625753556788038
Clock,0.12002129925452609,683,0.17048468772606704
Clock,0.13003194888178915,670,0.18447070171208102
Clock,0.14004259850905218,657,0.19918013021461298
Clock,0.15005324813631524,646,0.212442729684109
Clock,0.16006389776357827,636,0.22642874367012297
Clock,0.17007454739084132,626,0.24041475765613696
Clock,0.18008519701810435,617,0.25440077164215097
Clock,0.18998935037273695,608,0.2681456474559923
Clock,0.2,594,0.28213166144200624
Clock,0.21001064962726304,582,0.29611767542802025
Clock,0.2200212992545261,570,0.3098625512418616
Clock,0.23003194888178913,557,0.32360742705570295
Clock,0.24004259850905219,544,0.3375934410417169
Clock,0.25005324813631524,532,0.35085604051121294
Clock,0.2600638977635783,519,0.3650831926693996
Clock,0.2700745473908413,506,0.37810465396672294
Clock,0.27997870074547393,494,0.39088497709187364
Clock,0.28998935037273693,481,0.4043887147335423
Clock,0.3,468,0.417169037858693
Clock,0.31001064962726305,454,0.43019049915601637
Clock,0.3200212992545261,439,0.44393537496985774
Clock,0.33003194888178916,424,0.45768025078369906
Clock,0.34004259850905216,406,0.47214854111405835
Clock,0.3500532481363152,386,0.4868579696165903
Clock,0.3600638977635783,368,0.49939715456956835
Clock,0.36996805111821085,353,0.5124186158668917
Clock,0.3799787007454739,337,0.5251989389920424
Clock,0.38998935037273696,322,0.5382204002893658
Clock,0.4,310,0.5510007234145166
Clock,0.410010649627263,297,0.5637810465396672
Clock,0.4200212992545261,286,0.5768025078369906
Clock,0.43003194888178914,276,0.589823969134314
Clock,0.4400425985090522,267,0.6030865686038099
Clock,0.45005324813631525,257,0.6158668917289607
Clock,0.4599574014909478,248,0.6269592476489029
Clock,0.4699680511182109,236,0.6385338799131902
Clock,0.4799787007454739,223,0.649867374005305
Clock,0.48998935037273694,210,0.6612008680974198
Clock,0.5,201,0.6722932240173619
Clock,0.5100106496272631,191,0.6836267181094767
Clock,0.5200212992545261,182,0.6952013503737642
Clock,0.5300319488817892,171,0.706534844465879
Clock,0.5400425985090522,158,0.7169037858693031
Clock,0.5499467518636848,149,0.7272727272727273
Clock,0.5599574014909479,143,0.7371593923318062
Clock,0.5699680511182109,137,0.747046057390885
Clock,0.5799787007454739,134,0.7559681697612732
Clock,0.5899893503727369,131,0.7651314203038341
Clock,0.6,125,0.775018085362913
Clock,0.610010649627263,115,0.7846636122498192
Clock,0.6200212992545261,106,0.795273691825416
Clock,0.6300319488817892,95,0.8051603568844948
Clock,0.6399361022364217,87,0.8150470219435737
Clock,0.6499467518636848,80,0.8246925488304798
Clock,0.6599574014909478,71,0.8340969375452134
Clock,0.6699680511182109,63,0.843501326259947
Clock,0.679978700745474,55,0.8531468531468531
Clock,0.689989350372737,47,0.8620689655172413
Clock,0.7,41,0.8695442488545937
Clock,0.710010649627263,35,0.877019532191946
Clock,0.7200212992545261,29,0.8842536773571257
Clock,0.7299254526091586,24,0.8917289606944779
Clock,0.7399361022364217,18,0.8984808295153123
Clock,0.7499467518636848,13,0.9054738365083193
Clock,0.7599574014909478,10,0.9117434289848083
Clock,0.7699680511182109,6,0.9172896069447793
Clock,0.7799787007454739,5,0.9230769230769231
Clock,0.789989350372737,5,0.9291053773812394
Clock,0.8,5,0.9348926935133832
Clock,0.810010649627263,5,0.9394743187846636
Clock,0.8199148029818957,5,0.9442970822281167
Clock,0.8299254526091587,5,0.9493609838437425
Clock,0.8399361022364217,5,0.9527369182541596
Clock,0.8499467518636847,5,0.9558717144924042
Clock,0.8599574014909478,5,0.9592476489028213
Clock,0.8699680511182108,5,0.9623824451410659
Clock,0.8799787007454739,5,0.9655172413793104
Clock,0.889989350372737,5,0.9688931757897276
Clock,0.9,5,0.972027972027972
Clock,0.9099041533546326,5,0.9749216300940439
Clock,0.9199148029818957,5,0.978297564504461
Clock,0.9299254526091587,5,0.9807089462261877
Clock,0.9399361022364218,5,0.9826380516035689
Clock,0.9499467518636848,5,0.9848082951531227
