session,group,windows,max_severity,selected_folder,raw_folder,game,start,minutes_since_previous
13,9,302,3,21,DATA_EXPORT_Race_2019_12_6_16_27_18,Race,2019-12-06 16:27:18,
14,10,106,1,22,DATA_EXPORT_Race_2019_12_6_16_36_23,Race,2019-12-06 16:36:23,9.1
15,10,302,3,23,DATA_EXPORT_Race_2019_12_6_16_39_4,Race,2019-12-06 16:39:04,2.7
16,11,302,2,24,DATA_EXPORT_Race_2019_12_6_16_46_41,Race,2019-12-06 16:46:41,7.6
17,11,302,3,25,DATA_EXPORT_Race_2019_12_6_16_54_46,Race,2019-12-06 16:54:46,8.1
18,12,303,3,26,DATA_EXPORT_Race_2019_12_6_17_2_16,Race,2019-12-06 17:02:16,7.5
19,13,302,2,27,DATA_EXPORT_Race_2019_12_6_17_9_18,Race,2019-12-06 17:09:18,7.0
20,14,25,3,28,DATA_EXPORT_Race_2019_12_6_17_16_33,Race,2019-12-06 17:16:33,7.2
21,14,302,3,29,DATA_EXPORT_Race_2019_12_6_17_18_3,Race,2019-12-06 17:18:03,1.5
23,14,288,3,30,DATA_EXPORT_Race_2019_12_6_17_26_16,Race,2019-12-06 17:26:16,8.2
24,14,251,3,31,DATA_EXPORT_Race_2019_12_6_17_34_3,Race,2019-12-06 17:34:03,7.8
25,16,302,0,32,DATA_EXPORT_Race_2019_12_6_17_41_6,Race,2019-12-06 17:41:06,7.0
26,17,302,3,33,DATA_EXPORT_Race_2019_12_6_17_50_7,Race,2019-12-06 17:50:07,9.0
27,14,302,3,34,DATA_EXPORT_Race_2019_12_6_17_56_36,Race,2019-12-06 17:56:36,6.5
28,14,302,3,35,DATA_EXPORT_Race_2019_12_6_18_3_49,Race,2019-12-06 18:03:49,7.2
0,0,104,0,1,DATA_EXPORT_Flight_2019_12_9_20_58_55,Flight,2019-12-09 20:58:55,4495.1
11,0,302,0,2,DATA_EXPORT_Flight_2019_12_9_21_2_27,Flight,2019-12-09 21:02:27,3.5
22,15,303,1,3,DATA_EXPORT_Flight_2019_12_9_21_15_13,Flight,2019-12-09 21:15:13,12.8
29,6,302,0,4,DATA_EXPORT_Flight_2019_12_9_21_23_15,Flight,2019-12-09 21:23:15,8.0
30,18,103,0,5,DATA_EXPORT_Flight_2019_12_10_19_29_29,Flight,2019-12-10 19:29:29,1326.2
31,19,302,3,6,DATA_EXPORT_Flight_2019_12_10_19_33_16,Flight,2019-12-10 19:33:16,3.8
32,20,302,2,7,DATA_EXPORT_Flight_2019_12_10_19_40_59,Flight,2019-12-10 19:40:59,7.7
33,10,302,1,8,DATA_EXPORT_Flight_2019_12_10_19_49_49,Flight,2019-12-10 19:49:49,8.8
34,21,303,0,9,DATA_EXPORT_Flight_2019_12_10_19_57_40,Flight,2019-12-10 19:57:40,7.8
1,1,302,1,10,DATA_EXPORT_Flight_2019_12_10_20_5_3,Flight,2019-12-10 20:05:03,7.4
2,2,302,1,11,DATA_EXPORT_Flight_2019_12_10_20_11_27,Flight,2019-12-10 20:11:27,6.4
3,2,302,0,12,DATA_EXPORT_Flight_2019_12_10_20_17_57,Flight,2019-12-10 20:17:57,6.5
4,3,53,0,13,DATA_EXPORT_Flight_2019_12_10_20_26_7,Flight,2019-12-10 20:26:07,8.2
5,4,302,1,14,DATA_EXPORT_Flight_2019_12_10_20_28_12,Flight,2019-12-10 20:28:12,2.1
6,4,302,1,15,DATA_EXPORT_Flight_2019_12_10_20_34_59,Flight,2019-12-10 20:34:59,6.8
7,5,303,1,16,DATA_EXPORT_Flight_2019_12_10_20_41_47,Flight,2019-12-10 20:41:47,6.8
8,6,302,1,17,DATA_EXPORT_Flight_2019_12_10_20_49_2,Flight,2019-12-10 20:49:02,7.2
9,7,302,0,18,DATA_EXPORT_Flight_2019_12_10_21_1_27,Flight,2019-12-10 21:01:27,12.4
10,2,302,1,19,DATA_EXPORT_Flight_2019_12_10_21_7_47,Flight,2019-12-10 21:07:47,6.3
12,8,302,1,20,DATA_EXPORT_Flight_2019_12_10_21_15_1,Flight,2019-12-10 21:15:01,7.2
