model,group,a_sev,pairs
RF,10,0.7522560044425933,28812
RF,11,0.21428571428571427,1848
RF,12,0.8235997267759563,5856
RF,14,0.8028550241008529,53940
RF,17,0.8762157382847038,3393
RF,19,0.5,110
GB,10,0.9648410384561988,28812
GB,11,0.5454545454545454,1848
GB,12,0.8664617486338798,5856
GB,14,0.7323692992213571,53940
GB,17,0.8762157382847038,3393
GB,19,0.6909090909090909,110
RF+GB,10,0.8239275301957518,28812
RF+GB,11,0.3457792207792208,1848
RF+GB,12,0.8604849726775956,5856
RF+GB,14,0.7924545791620319,53940
RF+GB,17,0.8762157382847038,3393
RF+GB,19,0.509090909090909,110
LR,10,0.9218034152436485,28812
LR,11,0.21428571428571427,1848
LR,12,0.9778005464480874,5856
LR,14,0.8189284390063033,53940
LR,17,0.9162982611258473,3393
LR,19,1.0,110
MLP,10,0.9766069693183396,28812
MLP,11,0.12283549783549784,1848
MLP,12,0.9175204918032787,5856
MLP,14,0.8224323322209863,53940
MLP,17,0.8762157382847038,3393
MLP,19,0.6909090909090909,110
Clock,10,0.40278356240455365,28812
Clock,11,0.4523809523809524,1848
Clock,12,0.9089822404371585,5856
Clock,14,0.8355209492028179,53940
Clock,17,0.8762157382847038,3393
Clock,19,1.0,110
