learner,kind,delta,reps,dmcc,dauc,tm_pooled,tm_lpo,de,dl,power_t,power_w,power_pooled,power_lpo,below_pooled,below_lpo,hw_lpo,hw_pooled,power_cal,t_cal
LR,state,0.0,200,-0.00019323631539746694,-1.6103228131054993e-05,0.44394262950040003,0.528292245392873,-0.08578127421723057,-0.0014316583247576825,0.005,0.01,0.0,0.0,1.0,0.05,0.006017872851043831,0.04051927886152555,0.025,0.0035734979771851983
LR,state,0.05,200,0.00018399913415007601,-0.0002602053083772623,0.45085294215905286,0.5350881692033773,-0.07887096155857774,0.005364265485746663,0.035,0.03,0.0,0.16,1.0,0.0,0.00958543709350618,0.04011247013145224,0.535,0.0035734979771851983
LR,state,0.1,200,0.0016734243820288792,-0.0005340760865830394,0.4701578573224143,0.5538632668116529,-0.05956604639521635,0.024139363094022138,0.16,0.175,0.0,0.78,0.95,0.0,0.015281011341960743,0.03949388309868614,0.985,0.0035734979771851983
LR,state,0.15,200,0.0038273993299987436,-0.0002661654932541585,0.502186324052355,0.5843152469356561,-0.027537579665275688,0.05459134321802532,0.355,0.385,0.0,0.985,0.315,0.0,0.02144626236271602,0.039187943636405126,1.0,0.0035734979771851983
LR,state,0.2,200,0.006745581216583565,-1.5235842594985838e-05,0.5430331487506853,0.6222633454568954,0.013309245033054575,0.09253944173926473,0.57,0.605,0.105,1.0,0.01,0.0,0.02671099761458763,0.039044219427081334,1.0,0.0035734979771851983
LR,state,0.3,200,0.01645651816288386,0.002844649304037347,0.6514994076961709,0.7176913513782907,0.12177550397854014,0.18796744766066,0.885,0.9,0.995,1.0,0.0,0.0,0.0352878534206575,0.04186838233872837,1.0,0.0035734979771851983
LR,trait,0.0,200,-0.011097867284867844,-0.004862292432783055,0.451762107999196,0.5105709639135537,-0.07796179571843463,-0.01915293980407691,0.0,0.0,0.015,0.05,0.355,0.3,0.11851807540389059,0.13157853093209798,0.025,0.16879277635779424
LR,trait,0.5,200,-0.009663147019634655,-0.0033897837705004273,0.4805210904524347,0.5367974353764484,-0.04920281326519598,0.007073531658817699,0.0,0.0,0.045,0.07,0.28,0.26,0.1271997837800905,0.13755446542471667,0.04,0.16879277635779424
LR,trait,1.0,200,-0.004449884960272999,-0.001124763313015841,0.542534479859753,0.5906819873368016,0.012810576142122285,0.060958083619170836,0.005,0.015,0.085,0.15,0.145,0.13,0.13961023813514228,0.14767777617914044,0.105,0.16879277635779424
LR,trait,1.5,200,0.004857637582444429,0.006931588856594107,0.6201867030391786,0.6578618954489269,0.09046279932154787,0.12813799173129617,0.01,0.01,0.235,0.38,0.03,0.025,0.14770037850332085,0.15226422718762664,0.33,0.16879277635779424
LR,trait,2.0,200,0.007367442333124993,0.010346694915419695,0.6605525239043749,0.6919835743167421,0.13082862018674413,0.16225967059911134,0.005,0.005,0.425,0.555,0.005,0.005,0.15132254519341276,0.15568693033834743,0.49,0.16879277635779424
LR,trait,3.0,200,0.02197644094509986,0.017988166447384442,0.683455144006778,0.7077933108825628,0.15373124028914723,0.17806940716493214,0.0,0.0,0.465,0.6,0.0,0.0,0.1545721707827923,0.15947022793706872,0.58,0.16879277635779424
