name,value
windows,9390.0
positive_windows,4147.0
negative_windows,5243.0
prevalence,0.44164004259850903
severity_1_windows,2656.0
severity_2_windows,670.0
severity_3_windows,821.0
recordings,35.0
participant_groups,22.0
merged_groups,20.0
groups_without_positive,6.0
groups_with_both_classes,16.0
groups_with_severity_3,7.0
groups_with_severity_3_and_1,6.0
positive_episodes,31.0
recordings_starting_at_severity_0,35.0
recordings_label_never_changes,9.0
recordings_label_changes_once,19.0
recordings_label_changes_more_than_once,7.0
recording_length_median,302.0
recording_length_min,25.0
recording_length_max,303.0
fov_values_per_recording_max,1.0
fov_distinct_values,2.0
recordings_where_StaticFrame_varies,0.0
recordings_where_CameraAutoMovement_varies,0.0
recordings_where_RegionOfInterest_varies,34.0
groups_with_more_than_one_recording,7.0
largest_group_recordings,6.0
severity_3_windows_in_largest_group,290.0
loro_folds_with_both_classes,26.0
lpgo_pairs_total,231.0
lpgo_pairs_fitted,216.0
features_full,99.0
features_primary,76.0
logo_folds_with_2_zero_iqr_primary_features,19.0
logo_folds_with_3_zero_iqr_primary_features,3.0
