design,model,subset,recordings,mcc
LOGO,Clock,all,35,0.2682464772958197
LOGO,Clock,single,15,0.30256809693266656
LOGO,Clock,multi,20,0.2411279985509956
LOGO,Clock,big,6,0.2011237527245428
LOGO,Clock,multi_not_big,14,0.2558715821716559
LOGO,GB,all,35,0.3262886014203664
LOGO,GB,single,15,0.2859917191427244
LOGO,GB,multi,20,0.362109594188719
LOGO,GB,big,6,-0.17536064139163374
LOGO,GB,multi_not_big,14,0.48511886125788883
LOGO,LR,all,35,0.14778299017440547
LOGO,LR,single,15,0.1261234020364117
LOGO,LR,multi,20,0.17839946530831008
LOGO,LR,big,6,0.1577406765441383
LOGO,LR,multi_not_big,14,0.18284631087028502
LOGO,MLP,all,35,0.22095652594811901
LOGO,MLP,single,15,0.2946105635928186
LOGO,MLP,multi,20,0.17056722700995733
LOGO,MLP,big,6,0.15945311492093267
LOGO,MLP,multi_not_big,14,0.1785841909426288
LOGO,RF,all,35,0.3156453727428417
LOGO,RF,single,15,0.328218569641888
LOGO,RF,multi,20,0.29930467358026286
LOGO,RF,big,6,-0.11773313634729994
LOGO,RF,multi_not_big,14,0.42932387649423337
LOGO,RF+GB,all,35,0.3251555302344074
LOGO,RF+GB,single,15,0.2939553144281221
LOGO,RF+GB,multi,20,0.3516176280950783
LOGO,RF+GB,big,6,-0.18050844593505114
LOGO,RF+GB,multi_not_big,14,0.47402433990865367
LORO,Clock,all,35,0.2658111389691742
LORO,Clock,single,15,0.30256809693266656
LORO,Clock,multi,20,0.23676398040487398
LORO,Clock,big,6,0.1965088922039579
LORO,Clock,multi_not_big,14,0.2515462770294268
LORO,GB,all,35,0.25453828568126613
LORO,GB,single,15,0.2859917191427244
LORO,GB,multi,20,0.22094965012348117
LORO,GB,big,6,-0.23960431467572402
LORO,GB,multi_not_big,14,0.40135725064823063
LORO,LR,all,35,0.18335279908841595
LORO,LR,single,15,0.1261234020364117
LORO,LR,multi,20,0.240763357796201
LORO,LR,big,6,0.2406814247122549
LORO,LR,multi_not_big,14,0.24692440035276944
LORO,MLP,all,35,0.237550940257868
LORO,MLP,single,15,0.2946105635928186
LORO,MLP,multi,20,0.20713039242265768
LORO,MLP,big,6,-0.022456473672501837
LORO,MLP,multi_not_big,14,0.30089752088427546
LORO,RF,all,35,0.3174115067148151
LORO,RF,single,15,0.328218569641888
LORO,RF,multi,20,0.3026901085759383
LORO,RF,big,6,-0.10086406450812795
LORO,RF,multi_not_big,14,0.48129420483359225
LORO,RF+GB,all,35,0.26001134128512243
LORO,RF+GB,single,15,0.2939553144281221
LORO,RF+GB,multi,20,0.22459596079847305
LORO,RF+GB,big,6,-0.20736299295525745
LORO,RF+GB,multi_not_big,14,0.39726174842187145
