model,fold,group,w,val_mcc
RF,0,0,201,0.4889915420066175
RF,1,1,31,0.42453641180816126
RF,2,2,61,0.501459857121279
RF,3,3,31,0.598031327321468
RF,4,4,61,0.6472818254618837
RF,5,5,201,0.11391706433330497
RF,6,6,61,-0.07035035894533562
RF,7,7,1,0.3314610893931193
RF,8,8,1,0.322333085903547
RF,9,9,1,0.450881972290338
RF,10,10,31,0.24276352141393986
RF,11,11,31,0.09823930532419424
RF,12,12,1,0.2581527878674832
RF,13,13,15,0.04373100327899236
RF,14,14,15,-0.09542984132258665
RF,15,15,15,0.46811287788926487
RF,16,16,31,0.8717752499105047
RF,17,17,61,0.9584406081426717
RF,18,18,201,0.7039418463674705
RF,19,19,201,0.8231391765616525
RF,20,20,201,0.6399953072686687
RF,21,21,121,0.5506193548246715
GB,0,0,201,0.4477789499191729
GB,1,1,201,0.4016339081500422
GB,2,2,61,0.5688958071843324
GB,3,3,31,0.6077762873404206
GB,4,4,15,0.8451264189660651
GB,5,5,201,0.012484544344795222
GB,6,6,15,-0.09977971785195897
GB,7,7,1,0.2627391424832868
GB,8,8,61,0.20284221762465293
GB,9,9,15,0.5812139296261922
GB,10,10,31,0.2415929537380461
GB,11,11,1,0.024828708830988217
GB,12,12,1,0.03942211481355131
GB,13,13,1,-0.06985119927652511
GB,14,14,1,-0.20979685176107535
GB,15,15,31,0.4692628280966725
GB,16,16,15,0.859812121387725
GB,17,17,121,0.968850651018857
GB,18,18,121,0.6649688466777992
GB,19,19,201,0.6776886457046674
GB,20,20,201,0.5100472932230691
GB,21,21,121,0.6040182701692328
RF+GB,0,0,201,0.4879862785189259
RF+GB,1,1,201,0.4209868399095273
RF+GB,2,2,31,0.5125576299333232
RF+GB,3,3,31,0.604838014299961
RF+GB,4,4,31,0.851560375899184
RF+GB,5,5,201,0.04440308718980187
RF+GB,6,6,61,-0.09923584758514052
RF+GB,7,7,1,0.2698949623942342
RF+GB,8,8,15,0.20354498047250705
RF+GB,9,9,1,0.5710187503668135
RF+GB,10,10,61,0.23504259838517477
RF+GB,11,11,1,-0.004454549656889983
RF+GB,12,12,1,0.08295012090013015
RF+GB,13,13,1,-0.06427719506552296
RF+GB,14,14,1,-0.19917775083659103
RF+GB,15,15,15,0.4666600808758628
RF+GB,16,16,15,0.8726461001211606
RF+GB,17,17,121,0.9577875376692249
RF+GB,18,18,121,0.6642060527322508
RF+GB,19,19,201,0.7250577374657962
RF+GB,20,20,201,0.5434708054097421
RF+GB,21,21,121,0.6012228839804997
LR,0,0,1,0.19162653370740182
LR,1,1,61,-0.006156959862969324
LR,2,2,201,0.3756861651935259
LR,3,3,121,0.3530159841727881
LR,4,4,121,0.43997750172570516
LR,5,5,201,0.11570647146924828
LR,6,6,1,0.05512224193354069
LR,7,7,121,0.5409939512953175
LR,8,8,15,0.49868556331919767
LR,9,9,31,0.4161504923219802
LR,10,10,31,0.22915953914746756
LR,11,11,121,-0.04586422460585885
LR,12,12,15,0.04801463493069261
LR,13,13,201,0.1623344987979163
LR,14,14,31,-0.23423631725780997
LR,15,15,61,0.15367170726677934
LR,16,16,1,0.38629342392661936
LR,17,17,1,0.57839377670608
LR,18,18,1,0.32175285506014945
LR,19,19,1,0.5252066459271234
LR,20,20,201,0.4596004665610272
LR,21,21,1,0.3184879284170487
MLP,0,0,61,0.17541924930593558
MLP,1,1,31,0.402929535585305
MLP,2,2,121,0.643107870246347
MLP,3,3,61,0.43398654517017116
MLP,4,4,201,0.3635343049911036
MLP,5,5,201,0.15348424114378278
MLP,6,6,15,0.2107260151927652
MLP,7,7,31,0.2407644026100107
MLP,8,8,1,0.25418828763716245
MLP,9,9,61,0.4183580949036851
MLP,10,10,1,0.19282636657388846
MLP,11,11,201,0.026117378096601827
MLP,12,12,61,0.1086794840636243
MLP,13,13,1,0.055223096849084635
MLP,14,14,61,-0.03478946828577315
MLP,15,15,1,0.48166864550294314
MLP,16,16,31,0.8559697102228421
MLP,17,17,1,0.700920837367364
MLP,18,18,15,0.5456656474951652
MLP,19,19,15,0.43740086848574855
MLP,20,20,61,0.5870327498293196
MLP,21,21,1,0.2803537539317771
Clock,0,0,15,0.3966214559080396
Clock,1,1,1,0.3501769293670758
Clock,2,2,1,0.6042427678081337
Clock,3,3,1,0.359627957866739
Clock,4,4,121,0.23709147562622257
Clock,5,5,1,0.026852705945674897
Clock,6,6,1,-0.014755419085201432
Clock,7,7,61,0.2675041817227847
Clock,8,8,1,0.30484998317821066
Clock,9,9,15,0.4140196455421499
Clock,10,10,1,0.2778579605930973
Clock,11,11,1,0.2560714248149041
Clock,12,12,1,0.23145025714295503
Clock,13,13,1,0.21524002759277922
Clock,14,14,1,0.27861371263456713
Clock,15,15,1,0.40534646055476714
Clock,16,16,61,0.7432067426559582
Clock,17,17,61,0.6865913390316393
Clock,18,18,61,0.4395095348420349
Clock,19,19,1,0.23047838394812178
Clock,20,20,15,0.4605249400248896
Clock,21,21,31,0.3488425498652572
