w,model,mcc
1,RF,0.43336406885453493
1,GB,0.4271922845235162
1,RF+GB,0.43042958364058836
1,LR,0.26114411669278303
1,MLP,0.316384249451434
1,Clock,0.40082022712079124
15,RF,0.4382364368424388
15,GB,0.4471215292711177
15,RF+GB,0.4474110003072277
15,LR,0.23003731074542888
15,MLP,0.3234391741619779
15,Clock,0.3909203418625542
31,RF,0.45237328749810035
31,GB,0.45930714816947765
31,RF+GB,0.45498170672498706
31,LR,0.22045255130067093
31,MLP,0.33095374342856176
31,Clock,0.3830477431656898
61,RF,0.4475977059542091
61,GB,0.46120219605824625
61,RF+GB,0.46204206323210945
61,LR,0.19739168697319565
61,MLP,0.288490195816396
61,Clock,0.3646459074023233
121,RF,0.3512650387533389
121,GB,0.3959151887843483
121,RF+GB,0.3837628695873325
121,LR,0.19841255871353247
121,MLP,0.2709659495235163
121,Clock,0.31876123422725133
201,RF,0.2525742545409593
201,GB,0.3217733799059187
201,RF+GB,0.2900883669972588
201,LR,0.15952440028474352
201,MLP,0.18183749578725525
201,Clock,0.2344439813993801
