w,model,diff,p,pw
1,RF,0.03254384173374372,0.639781498478631,0.860260009765625
1,GB,0.026372057402724948,0.7319793517268215,0.596588134765625
1,RF+GB,0.02960935651979718,0.7003135597492599,0.596588134765625
1,LR,-0.1396761104280082,0.12905789641367893,0.17535400390625
1,MLP,-0.08443597766935723,0.04028129792164444,0.0506591796875
15,RF,0.04731609497988456,0.5301976991067957,0.632171630859375
15,GB,0.05620118740856343,0.48576402913289574,0.528167724609375
15,RF+GB,0.056490658444673436,0.48579810244911875,0.528167724609375
15,LR,-0.16088303111712537,0.1237032882933114,0.129730224609375
15,MLP,-0.06748116770057629,0.15421442203135527,0.17535400390625
31,RF,0.06932554433241062,0.3617305133001205,0.528167724609375
31,GB,0.07625940500378783,0.3407916622315002,0.4637451171875
31,RF+GB,0.07193396355929726,0.36470685972973843,0.49542236328125
31,LR,-0.16259519186501883,0.11914197098360939,0.1590576171875
31,MLP,-0.052093999737127986,0.23375422604985166,0.322509765625
61,RF,0.08295179855188581,0.24355575691679376,0.4637451171875
61,GB,0.09655628865592292,0.20429995521527258,0.4637451171875
61,RF+GB,0.09739615582978614,0.2040481817260919,0.4637451171875
61,LR,-0.16725422042912771,0.093055926487302,0.09344482421875
61,MLP,-0.0761557115859273,0.10041420682570622,0.19281005859375
121,RF,0.03250380452608756,0.6342007448105752,0.860260009765625
121,GB,0.07715395455709698,0.23155390310794022,0.5618896484375
121,RF+GB,0.0650016353600812,0.307711432486704,0.632171630859375
121,LR,-0.12034867551371886,0.12965835856702954,0.375457763671875
121,MLP,-0.04779528470373502,0.15447379883395573,0.25598851167013814
201,RF,0.018130273141579202,0.8172144933125023,0.860260009765625
201,GB,0.08732939850653867,0.24242824369430127,0.274444580078125
201,RF+GB,0.055644385597878786,0.5048518942237834,0.668548583984375
201,LR,-0.07491958111463656,0.22179133878545673,0.5618896484375
201,MLP,-0.05260648561212482,0.29562819432176834,0.632171630859375
