model,seed,mcc,rec,spec,pooled_alarm,fa_all,never_sick_alarm,missed_s3,missed_s3_m44,fold_auc,dmcc,p_t,p_w
RF,42,0.4475977059542091,0.6132047647176614,0.8818207835323701,0.3378061767838126,0.1408167562352548,0.24846834581347857,413,279,0.8970155088458351,0.08295179855188581,0.24355575691679376,0.4637451171875
GB,42,0.46120219605824625,0.6238731829667795,0.8927743758294804,0.3244941427050053,0.1438045828319063,0.2981620149761743,420,330,0.871986309211896,0.09655628865592292,0.20429995521527258,0.4637451171875
RF+GB,42,0.46204206323210945,0.6223461386984439,0.895404589225018,0.3233226837060703,0.14054007513367628,0.2920353982300885,421,305,0.8910216851155803,0.09739615582978614,0.2040481817260919,0.4637451171875
MLP,42,0.288490195816396,0.46524010115275993,0.8504695515675567,0.3183173588924388,0.15197750423010958,0.1524846834581348,450,265,0.8294666319764743,-0.0761557115859273,0.10041420682570622,0.19281005859375
RF,1,0.43324560911372123,0.595189921991935,0.8765419212123466,0.3402555910543131,0.14510597383613597,0.25051055139550715,447,280,0.8954197937290275,0.06859970171139784,0.3306885273268831,0.4637451171875
GB,1,0.46120219605824625,0.6238731829667795,0.8927743758294804,0.3244941427050053,0.1438045828319063,0.2981620149761743,420,330,0.871986309211896,0.09655628865592292,0.20429995521527258,0.4637451171875
RF+GB,1,0.45761448974638796,0.6150508450987859,0.8949089558728474,0.3238551650692226,0.14090053575343678,0.2920353982300885,424,300,0.8895484879780808,0.0929685823440646,0.22017260052926146,0.433197021484375
MLP,1,0.3691916473011508,0.5741120513803509,0.8534166812795605,0.3856230031948882,0.14849112861131175,0.20762423417290674,193,137,0.85155489462896,0.004545739898827419,0.8822296664077767,0.668548583984375
RF,2,0.4422912119093887,0.6052789841374371,0.8810850761303379,0.33855165069222576,0.14390256792792366,0.2600408441116406,426,278,0.890899124187319,0.07764530450706532,0.25654900073664594,0.375457763671875
GB,2,0.46120219605824625,0.6238731829667795,0.8927743758294804,0.3244941427050053,0.1438045828319063,0.2981620149761743,420,330,0.871986309211896,0.09655628865592292,0.20429995521527258,0.4637451171875
RF+GB,2,0.45710275680435597,0.6147112871555118,0.8953521458034002,0.3228966986155485,0.14072872754385946,0.292716133424098,426,297,0.8868696551426097,0.0924568494020327,0.21703629493261462,0.4637451171875
MLP,2,0.30379307434738556,0.47614315195518697,0.8596679859200644,0.3275825346112886,0.11776473879094734,0.08849557522123894,393,241,0.8412516876912393,-0.0608528330549378,0.07215944729765218,0.104583740234375
