state,0,−0.000,0.5%,−0.086,0%,100%,−0.001,0%,2.5%
,0.05,+0.000,3.5%,−0.079,0%,100%,+0.005,16%,54%
,0.1,+0.002,16%,−0.060,0%,95%,+0.024,78%,99%
,0.15,+0.004,36%,−0.028,0%,32%,+0.055,99%,100%
,0.2,+0.007,57%,+0.013,11%,1.0%,+0.093,100%,100%
,0.3,+0.016,89%,+0.122,100%,0%,+0.188,100%,100%
trait,0,−0.011,0%,−0.078,1.5%,36%,−0.019,5.0%,2.5%
,0.5,−0.010,0%,−0.049,4.5%,28%,+0.007,7.0%,4.0%
,1,−0.004,0.5%,+0.013,8.5%,15%,+0.061,15%,11%
,1.5,+0.005,1.0%,+0.090,24%,3.0%,+0.128,38%,33%
,2,+0.007,0.5%,+0.131,43%,0.5%,+0.162,56%,49%
,3,+0.022,0%,+0.154,47%,0%,+0.178,60%,58%
